Model,MAE,R2
LinearModel_Diamonds_Lasso_1719532661.pkl,750.4417062951572,0.9091178731666789
LinearModel_Diamonds_LinearRegression_1719532683.pkl,756.7317987073008,0.9090798105116309
