Model,MAE,R2
XGBoostDiamonds_1719498855.pkl,346.8931062426978,0.968385752970626
XGBoostDiamonds_1719498996.pkl,346.6494683397557,0.9627054547126169
