Model,MAE,R2
LinearRegression_1719501855.pkl,756.7317987073008,0.9090798105116309
LogisticRegression_1719501885.pkl,1286.504008016032,0.6777002738026472
Ridge_1719501938.pkl,756.1527571184658,0.9089438362670547
Lasso_1719501951.pkl,750.4417062951572,0.9091178731666789
