Model,MAE,R2
XGBRegressor_1719505242.pkl,346.6494683397557,0.9627054547126169
Lasso_1719505243.pkl,820.365054431687,0.9044803646443939
XGBRegressor_optimized_1719505244.pkl,344.9471135493032,0.9678213487685667
