Model,MAE,R2
XGBoost_Diamonds_XGBRegressor_1719532253.pkl,346.6494683397557,0.9627054547126169
LinearModel_Diamonds_Lasso_1719532254.pkl,820.365054431687,0.9044803646443939
XGBoost_Diamonds_XGBRegressor_optimized_1719532255.pkl,348.59857415484043,0.9665097141884654
